Title,Channel,Views,Likes
Florida vs. Houston - 2025 men's national championship extended highlights,March Madness,847285,9679
Florida vs. Houston Wild Ending üçø Final 2 Minutes of the National Championship | 2025 March Madness,Bleacher Report,801343,5314
Bad Bunny: Tiny Desk Concert,NPR Music,3702957,296183
Mission: Impossible ‚Äì The Final Reckoning | Official Trailer (2025 Movie) - Tom Cruise,Paramount Pictures,9188300,128297
"The First Dire Wolf Howl in Over 10,000 Years",Colossal Biosciences,1025971,32155
Scientists Bring the Dire Wolf Back from Extinction,JRE Clips,1380463,37297
THE PHOENICIAN SCHEME - Official Trailer [HD] - Only in Theaters May 30,Focus Features,5226488,25524
"Scientists: Dire wolf brought back from extinction after 13,000 years",ABC News,2292489,52555
No Longer Extinct? Colossal Biosciences' Dire Wolf Project,TIME,837931,27074
I THREW MY DREAM BIRTHDAY PARTY...üò≠,ADAM RAY OKAY,221703,13774
